{"cameraMode":{"drawMode":0,"name":"Shaded","section":"Shading Mode"},"sceneLighting":false,"audioPlay":false,"sceneViewState":{"m_AlwaysRefresh":false,"showFog":true,"showSkybox":false,"showFlares":true,"showImageEffects":true,"showParticleSystems":true,"showVisualEffectGraphs":true,"m_FxEnabled":true},"in2DMode":false,"pivot":{"x":3.7301692962646486,"y":-4.541766166687012,"z":47.811187744140628},"rotation":{"x":0.07791648060083389,"y":0.01076361071318388,"z":-0.0008418106590397656,"w":0.9969062805175781},"size":90.0630111694336,"orthographic":true}