{"cameraMode":{"drawMode":0,"name":"Shaded","section":"Shading Mode"},"sceneLighting":true,"audioPlay":false,"sceneViewState":{"m_AlwaysRefresh":false,"showFog":true,"showSkybox":false,"showFlares":true,"showImageEffects":true,"showParticleSystems":true,"showVisualEffectGraphs":true,"m_FxEnabled":true},"in2DMode":false,"pivot":{"x":1.7259001731872559,"y":1.4439107179641724,"z":1.3771600723266602},"rotation":{"x":-0.01998932473361492,"y":-0.18017855286598206,"z":0.00366408983245492,"w":-0.9834264516830444},"size":9.199836730957032,"orthographic":false}