{"cameraMode":{"drawMode":0,"name":"Shaded","section":"Shading Mode"},"sceneLighting":false,"audioPlay":false,"sceneViewState":{"m_AlwaysRefresh":false,"showFog":true,"showSkybox":false,"showFlares":true,"showImageEffects":true,"showParticleSystems":true,"showVisualEffectGraphs":true,"m_FxEnabled":true},"in2DMode":false,"pivot":{"x":2.496610641479492,"y":-3.8324079513549806,"z":14.155693054199219},"rotation":{"x":0.07791648060083389,"y":0.01076361071318388,"z":-0.0008418106590397656,"w":0.9969062805175781},"size":30.664138793945314,"orthographic":true}